Name,Gender,Age,Family History or Genetics (any family member or ancestor had diabetes),Obesity/BMI (more than 22.5),Diet,Physical Activity and Exercise,Stress,Hypertension,Alcohol and Artificially Sweetened Beverages Intake,Sleep,Diabetes
Smit Rathod,Male,26,Yes,No,Healthy Diet,Yes,No,No,No or minimal Intake,Adequate,No
Varsha Pawar,Female,38,Yes,Yes,Healthy Diet,No,No,No,No or minimal Intake,Adequate,No
Ganesh Pawar,Male,43,Yes,No,Healthy Diet,No,No,No,More than or equal to 5 times a week,Adequate,No
Umesh Pawar,Male,39,Yes,No,Healthy Diet,No,No,No,No or minimal Intake,Adequate,No
Vanita pawar,Female,29,Yes,No,Healthy Diet,Yes,No,No,No or minimal Intake,Adequate,No
Jyoti Balu Chavhan ,Female,37,Yes,No,Healthy Diet,Yes,Yes,No,No or minimal Intake,Adequate,No
Hemant Rathod,Male,26,Yes,No,Healthy Diet,No,Yes,No,No or minimal Intake,Adequate,No
Sheshrao Rathod,Male,63,No,Yes,"Low consumption of Fruit, Vegetables and Processed food",No,No,No,No or minimal Intake,Adequate,Yes
Veena Rathod,Female,54,No,Yes,"Low consumption of Fruit, Vegetables and Processed food",No,No,No,No or minimal Intake,Inadequate,Yes
Anita Tupe,Female,52,No,No,"Low consumption of Fruit, Vegetables and Processed food",No,No,No,No or minimal Intake,Inadequate,No
Anuja Pawar,Female,26,No,No,"Low consumption of Fruit, Vegetables and Processed food",Yes,No,No,No or minimal Intake,Adequate,No
Kaustubh Tupe,Male,25,No,No,"Low consumption of Fruit, Vegetables and Processed food",No,No,No,No or minimal Intake,Inadequate,No
Shraddha Pawar,Female,29,No,No,"Low consumption of Fruit, Vegetables and Processed food",No,No,No,No or minimal Intake,Adequate,No
Kartik Tupe ,Male,16,No,No,Healthy Diet,No,No,No,No or minimal Intake,Inadequate,No
Switi Shinde ,Female,26,No,No,Healthy Diet,Yes,Yes,Yes,No or minimal Intake,Inadequate,No
Meghasham Joshi,Male,26,Yes,Yes,"Low consumption of Fruit, Vegetables and Processed food",No,Yes,No,No or minimal Intake,Adequate,No
Nayana Joshi,Female,24,Yes,No,Healthy Diet,Yes,Yes,No,No or minimal Intake,Adequate,No
Karan Rathod ,Male,28,No,Yes,"Low consumption of Fruit, Vegetables and Processed food",No,No,No,No or minimal Intake,Adequate,No
Rani Rathod ,Female,25,No,No,"Low consumption of Fruit, Vegetables and Processed food",No,Yes,No,No or minimal Intake,Adequate,No
Sunita Rathod ,Female,52,No,No,"Low consumption of Fruit, Vegetables and Processed food",Yes,No,No,No or minimal Intake,Inadequate,No
Rachita Srivastava ,Female,30,No,No,"Low consumption of Fruit, Vegetables and Processed food",No,Yes,Yes,No or minimal Intake,Inadequate,No
Nilesh Suryawanshi,Male,25,No,Yes,Healthy Diet,No,Yes,No,No or minimal Intake,Adequate,No
Sanjay Suryawanshi ,Male,57,No,Yes,Healthy Diet,Yes,No,No,No or minimal Intake,Adequate,No
Neelam Suryawanshi ,Female,20,No,No,Healthy Diet,Yes,No,No,No or minimal Intake,Adequate,No
Lalita Suryawanshi ,Female,49,No,No,Healthy Diet,Yes,No,No,No or minimal Intake,Adequate,No
Parthesh Singh Gour,Male,26,Yes,No,Healthy Diet,Yes,No,No,More than or equal to 5 times a week,Inadequate,No
Parthavi Patel,Female,25,Yes,No,Healthy Diet,Yes,No,No,No or minimal Intake,Adequate,No
Rajesh Patel,Male,52,Yes,No,Healthy Diet,Yes,No,No,No or minimal Intake,Adequate,No
Harshadi Patel,Female,21,Yes,No,"Low consumption of Fruit, Vegetables and Processed food",No,Yes,No,No or minimal Intake,Inadequate,No
Sheetal Patel ,Female,51,Yes,No,Healthy Diet,Yes,No,No,No or minimal Intake,Adequate,No
Niranjan gajanan chavhan,Male,43,No,No,"Low consumption of Fruit, Vegetables and Processed food",Yes,Yes,No,No or minimal Intake,Adequate,Yes
Niranjan gajanan chavhan ,Male,43,No,No,"Low consumption of Fruit, Vegetables and Processed food",Yes,Yes,Yes,No or minimal Intake,Inadequate,Yes
Varsha niranjan chavhan ,Female,36,Yes,No,"Low consumption of Fruit, Vegetables and Processed food",Yes,No,No,More than or equal to 5 times a week,Adequate,No
Kamla gajanan chavhan ,Female,69,Yes,No,"Low consumption of Fruit, Vegetables and Processed food",Yes,Yes,Yes,More than or equal to 5 times a week,Adequate,No
Darshan niranjan chavhan ,Male,17,Yes,No,"Low consumption of Fruit, Vegetables and Processed food",No,No,No,No or minimal Intake,Inadequate,No
Soham niranjan  chavhan ,Male,15,Yes,No,Healthy Diet,Yes,No,No,No or minimal Intake,Adequate,No
Leena pandit chavhan ,Female,30,No,No,"Low consumption of Fruit, Vegetables and Processed food",Yes,Yes,No,No or minimal Intake,Adequate,No
Pandit gajanan chavhan ,Male,37,Yes,No,"Low consumption of Fruit, Vegetables and Processed food",Yes,No,No,More than or equal to 5 times a week,Adequate,No
Vicky jagadish pawar,Male,26,No,No,Healthy Diet,No,No,No,No or minimal Intake,Inadequate,No
Maya jagadish pawar,Female,45,No,No,Healthy Diet,Yes,Yes,Yes,No or minimal Intake,Inadequate,No
Abhay jagadish pawar ,Male,24,No,Yes,Healthy Diet,Yes,No,No,No or minimal Intake,Inadequate,No
Uma pakhre ,Female,39,Yes,No,Healthy Diet,No,Yes,No,No or minimal Intake,Inadequate,No
Anuja Munday,Female,29,No,No,"Low consumption of Fruit, Vegetables and Processed food",Yes,No,No,No or minimal Intake,Inadequate,No
Sushma Rathod,Female,38,Yes,No,Healthy Diet,No,No,No,More than or equal to 5 times a week,Inadequate,No
Sushma Rathod,Female,38,Yes,No,Healthy Diet,No,No,No,More than or equal to 5 times a week,Inadequate,No
Ujwala Rathod ,Female,48,Yes,No,Healthy Diet,No,Yes,Yes,No or minimal Intake,Inadequate,No
Dolly Chavhan,Female,21,No,No,Healthy Diet,No,No,No,No or minimal Intake,Inadequate,No
Dulsing Pawar ,Male,70,Yes,Yes,Healthy Diet,No,No,No,No or minimal Intake,Adequate,Yes
Rukma Pawar,Female,65,Yes,No,Healthy Diet,No,No,No,No or minimal Intake,Adequate,No
Vanita Pawar ,Female,31,Yes,No,Healthy Diet,No,No,No,No or minimal Intake,Inadequate,No
Guddy chavhan,Female,26,No,No,Healthy Diet,Yes,No,No,No or minimal Intake,Inadequate,No
Saloni Jadhav,Female,22,Yes,No,Healthy Diet,Yes,No,No,No or minimal Intake,Inadequate,No
Sheshrao Rathod ,Male,65,Yes,No,Healthy Diet,No,No,No,No or minimal Intake,Inadequate,Yes
Nalini Jadhv,Female,50,No,No,Healthy Diet,No,No,No,No or minimal Intake,Inadequate,No
Dinesh Ade,Male,37,Yes,No,Healthy Diet,Yes,No,No,No or minimal Intake,Inadequate,No
Amruta Ade ,Female,29,Yes,No,Healthy Diet,Yes,No,No,No or minimal Intake,Inadequate,No
Nikesh Ade,Male,36,Yes,No,Healthy Diet,Yes,No,No,No or minimal Intake,Inadequate,No
Kishor Ade,Male,49,No,No,Healthy Diet,Yes,No,No,No or minimal Intake,Inadequate,No
Sachin Rathod,Female,35,No,No,Healthy Diet,Yes,Yes,Yes,No or minimal Intake,Adequate,No
Renuka Mahajan,Female,44,No,No,Healthy Diet,Yes,No,No,No or minimal Intake,Inadequate,No
Deepa Shetti,Female,32,No,No,Healthy Diet,Yes,No,No,No or minimal Intake,Inadequate,No
Pujya Deshmukh,Female,38,No,No,Healthy Diet,No,No,No,No or minimal Intake,Inadequate,No
Sadhana Shelke,Female,38,No,No,Healthy Diet,Yes,No,No,More than or equal to 5 times a week,Inadequate,No
Shital Nale,Female,32,Yes,No,Healthy Diet,Yes,No,No,No or minimal Intake,Inadequate,No
Rekha Patil,Female,52,No,No,Healthy Diet,Yes,No,No,No or minimal Intake,Inadequate,No
Lata Hinde,Female,55,No,No,Healthy Diet,Yes,No,No,No or minimal Intake,Inadequate,No
Manish Palandurkr,Female,50,No,No,Healthy Diet,Yes,No,No,No or minimal Intake,Inadequate,No
Soni Kharat,Female,39,Yes,No,Healthy Diet,Yes,No,No,More than or equal to 5 times a week,Inadequate,No
VIshali Kondake,Female,39,Yes,No,Healthy Diet,Yes,No,No,More than or equal to 5 times a week,Inadequate,No
Suvrna Bhosale,Female,51,Yes,No,Healthy Diet,Yes,No,No,No or minimal Intake,Inadequate,No
Ambika Vyavahare,Female,40,No,No,Healthy Diet,No,No,No,No or minimal Intake,Inadequate,No
Sonali Kulkrni ,Female,37,Yes,No,Healthy Diet,Yes,Yes,No,No or minimal Intake,Inadequate,No
Vandana Somvanshi,Female,58,No,No,Healthy Diet,Yes,Yes,No,No or minimal Intake,Inadequate,No
Seema Tivari,Female,48,No,No,Healthy Diet,Yes,No,No,No or minimal Intake,Inadequate,No
Jayashri Shendage,Female,36,Yes,No,Healthy Diet,Yes,No,No,No or minimal Intake,Inadequate,No
Anil Shendage,Male,46,Yes,No,Healthy Diet,Yes,Yes,No,No or minimal Intake,Inadequate,No
Jyoti Joshi,Female,37,Yes,No,Healthy Diet,Yes,Yes,No,No or minimal Intake,Inadequate,No
Pratima Kopnar,Female,36,Yes,No,Healthy Diet,Yes,No,No,No or minimal Intake,Inadequate,No
Yogita Jadhav ,Female,38,Yes,No,Healthy Diet,Yes,No,No,No or minimal Intake,Inadequate,No
Swati Pande,Female,45,Yes,No,Healthy Diet,No,No,No,No or minimal Intake,Inadequate,Yes
Seema Hiwale,Female,39,No,No,Healthy Diet,Yes,No,No,More than or equal to 5 times a week,Inadequate,No
Bharti Kadam,Female,40,Yes,Yes,Healthy Diet,No,Yes,Yes,More than or equal to 5 times a week,Inadequate,Yes
Priyanka Suryavanshi,Female,35,Yes,No,"Low consumption of Fruit, Vegetables and Processed food",No,Yes,No,No or minimal Intake,Inadequate,No
Shrdhar Hiwale,Male,45,Yes,No,Healthy Diet,Yes,No,No,More than or equal to 5 times a week,Inadequate,No
Swati Kalyankr,Female,38,Yes,No,Healthy Diet,No,Yes,Yes,More than or equal to 5 times a week,Adequate,No
Rekha Rajput,Female,47,No,No,Healthy Diet,Yes,No,Yes,No or minimal Intake,Inadequate,No
Archana Sontake,Female,47,Yes,No,Healthy Diet,Yes,No,No,No or minimal Intake,Inadequate,No
Puja Gayakwad,Female,30,No,No,Healthy Diet,Yes,No,No,More than or equal to 5 times a week,Inadequate,No
Nilesh Munde,Male,35,Yes,No,Healthy Diet,Yes,No,No,No or minimal Intake,Inadequate,No
Nilesh Rathod ,Male,44,No,No,Healthy Diet,No,No,No,More than or equal to 5 times a week,Inadequate,No
Anita Pawar,Female,46,No,No,Healthy Diet,No,No,No,No or minimal Intake,Inadequate,No
Sunita Rathod ,Female,48,No,No,Healthy Diet,Yes,Yes,No,No or minimal Intake,Inadequate,No
Rani Rathod ,Female,35,No,No,Healthy Diet,Yes,No,No,No or minimal Intake,Inadequate,No
Karan Rathod ,Male,30,No,No,Healthy Diet,Yes,No,No,No or minimal Intake,Inadequate,No
Jeevan Ade,Male,40,No,No,Healthy Diet,Yes,No,No,No or minimal Intake,Inadequate,No
Jyanu Ade,Male,38,No,No,Healthy Diet,Yes,No,No,No or minimal Intake,Inadequate,No
Amruta Ade,Female,37,No,No,Healthy Diet,No,No,No,No or minimal Intake,Inadequate,No
Viju Khadse,Male,46,Yes,No,Healthy Diet,Yes,No,No,No or minimal Intake,Inadequate,Yes
Sanju Khdse,Male,51,No,No,Healthy Diet,Yes,Yes,Yes,No or minimal Intake,Adequate,Yes
Aju Khdse,Male,43,Yes,No,Healthy Diet,Yes,No,No,No or minimal Intake,Inadequate,No
Shruti Balinge,Female,30,Yes,No,Healthy Diet,Yes,No,No,No or minimal Intake,Inadequate,No
Shtal Nale,Female,36,Yes,No,Healthy Diet,Yes,No,Yes,More than or equal to 5 times a week,Inadequate,No
Veena Rathod,Female,54,Yes,No,Healthy Diet,Yes,No,No,No or minimal Intake,Inadequate,No
Kunti Ade,Female,35,No,No,"Low consumption of Fruit, Vegetables and Processed food",Yes,No,No,No or minimal Intake,Inadequate,No
Chyaya Ade ,Female,39,Yes,No,"Low consumption of Fruit, Vegetables and Processed food",Yes,No,No,No or minimal Intake,Inadequate,No
Vachala Ade,Female,37,No,No,"Low consumption of Fruit, Vegetables and Processed food",Yes,No,No,No or minimal Intake,Inadequate,No
Varsha Ade ,Female,38,No,No,Healthy Diet,No,No,No,No or minimal Intake,Inadequate,No
Santosh Rathod ,Male,46,Yes,No,Healthy Diet,Yes,No,No,More than or equal to 5 times a week,Inadequate,Yes
Jaydev  Rathod,Male,44,Yes,No,Healthy Diet,Yes,Yes,Yes,More than or equal to 5 times a week,Inadequate,Yes
Gauri kedar kathane,Female,21,Yes,No,"Low consumption of Fruit, Vegetables and Processed food",Yes,No,No,No or minimal Intake,Adequate,No
Linta vijay bhendarakar,Female,38,Yes,No,Healthy Diet,Yes,Yes,Yes,No or minimal Intake,Adequate,No
Sharda kedae kathane,Female,45,Yes,No,Healthy Diet,Yes,Yes,Yes,No or minimal Intake,Adequate,Yes
Arohi vijay chavhan,Female,12,Yes,No,Healthy Diet,Yes,No,No,No or minimal Intake,Adequate,No
Sanket vijay bhendarakar,Male,9,Yes,No,Healthy Diet,Yes,No,No,No or minimal Intake,Adequate,Yes
Rohit kedar kathane,Male,24,Yes,Yes,Healthy Diet,No,Yes,Yes,No or minimal Intake,Adequate,No
Gayatree walthare,Female,15,Yes,No,Healthy Diet,Yes,No,No,No or minimal Intake,Inadequate,No
Mangala walthare,Female,40,Yes,No,Healthy Diet,Yes,Yes,Yes,No or minimal Intake,Adequate,No
Priyanka chabilal pardhi,Female,31,Yes,No,Healthy Diet,Yes,No,No,No or minimal Intake,Adequate,No
Nihal chabilal pardhi,Male,4,No,No,Healthy Diet,Yes,No,No,No or minimal Intake,Adequate,No
Chabilal pardhi,Male,37,Yes,No,Healthy Diet,Yes,No,No,No or minimal Intake,Adequate,No
Mrunali doye,Female,30,No,No,Healthy Diet,Yes,No,No,No or minimal Intake,Adequate,No
Mugdha hukare,Female,39,No,No,Healthy Diet,Yes,No,No,No or minimal Intake,Adequate,No
Kavya hukare,Female,11,No,No,Healthy Diet,Yes,No,No,No or minimal Intake,Adequate,No
Vijaye walthare,Female,35,Yes,No,Healthy Diet,Yes,Yes,No,No or minimal Intake,Inadequate,No
Pinkey walthare,Female,28,No,No,Healthy Diet,Yes,Yes,Yes,No or minimal Intake,Adequate,No
Kavita khokle,Female,30,Yes,No,Healthy Diet,Yes,Yes,Yes,No or minimal Intake,Inadequate,No
Anuj khokle,Male,9,No,No,Healthy Diet,Yes,No,No,No or minimal Intake,Adequate,No
Meghana manoranjan  rathod,Female,36,Yes,No,Healthy Diet,Yes,No,No,No or minimal Intake,Adequate,No
Bharti ramdhan ade,Female,36,Yes,No,Healthy Diet,Yes,Yes,No,No or minimal Intake,Inadequate,No
Puja nilesh suryavanshi ,Female,29,Yes,No,Healthy Diet,Yes,No,No,No or minimal Intake,Adequate,No
Nilesh suryavanshi,Male,38,Yes,No,Healthy Diet,Yes,No,No,No or minimal Intake,Adequate,No
Akash  gopal chavhan,Male,27,Yes,No,Healthy Diet,Yes,No,No,No or minimal Intake,Adequate,No
Gopal chavhan,Male,49,Yes,No,"Low consumption of Fruit, Vegetables and Processed food",Yes,Yes,Yes,No or minimal Intake,Inadequate,Yes
Aruna ,Female,39,Yes,No,Healthy Diet,Yes,Yes,No,No or minimal Intake,Adequate,No
Nidhi shende,Female,9,No,No,Healthy Diet,Yes,No,No,No or minimal Intake,Adequate,No
Bhargav nilesh suryavanshi ,Male,5,Yes,No,Healthy Diet,Yes,No,No,No or minimal Intake,Adequate,No
Kishor lende,Male,39,Yes,No,Healthy Diet,Yes,No,No,No or minimal Intake,Adequate,No
Sindhu kavlle ,Female,50,Yes,No,Healthy Diet,Yes,No,No,No or minimal Intake,Adequate,No
Rahul Manakshe,Male,26,Yes,Yes,"Low consumption of Fruit, Vegetables and Processed food",No,Yes,No,More than or equal to 5 times a week,Inadequate,Yes
Sweety katekhaye,Female,30,Yes,No,Healthy Diet,Yes,No,No,More than or equal to 5 times a week,Adequate,No
Mrunali kavlle,Female,27,Yes,No,Healthy Diet,Yes,No,No,No or minimal Intake,Inadequate,No
Sonal bramahnakar,Female,26,Yes,No,Healthy Diet,Yes,No,No,More than or equal to 5 times a week,Adequate,No
Chetan katekhaye,Male,33,Yes,No,"Low consumption of Fruit, Vegetables and Processed food",Yes,No,No,More than or equal to 5 times a week,Inadequate,No
Bhagyashree katekhaye,Female,35,Yes,No,Healthy Diet,Yes,Yes,Yes,More than or equal to 5 times a week,Adequate,No
Ajay raut,Male,42,Yes,Yes,"Low consumption of Fruit, Vegetables and Processed food",Yes,Yes,Yes,More than or equal to 5 times a week,Adequate,No
Seema raut,Female,40,Yes,No,Healthy Diet,Yes,No,No,No or minimal Intake,Inadequate,No
Narmada khadse,Female,69,Yes,Yes,Healthy Diet,No,Yes,Yes,No or minimal Intake,Inadequate,Yes
Sunita khadse,Female,45,Yes,Yes,"Low consumption of Fruit, Vegetables and Processed food",Yes,No,No,No or minimal Intake,Adequate,Yes
Geeta lade,Female,50,No,No,"Low consumption of Fruit, Vegetables and Processed food",Yes,Yes,Yes,No or minimal Intake,Adequate,No
Rekha saudagar,Female,49,Yes,No,Healthy Diet,Yes,Yes,Yes,No or minimal Intake,Adequate,Yes
Mitali saudagar,Female,15,Yes,Yes,Healthy Diet,Yes,No,No,No or minimal Intake,Inadequate,No
Trupti mahajan,Female,45,Yes,Yes,Healthy Diet,Yes,No,No,More than or equal to 5 times a week,Inadequate,Yes
Shrunali motaghare,Female,40,Yes,Yes,Healthy Diet,Yes,Yes,Yes,No or minimal Intake,Adequate,No
Shirin shekh,Female,26,Yes,No,"Low consumption of Fruit, Vegetables and Processed food",Yes,No,No,No or minimal Intake,Adequate,No
Punam vadibhasme,Female,42,Yes,No,"Low consumption of Fruit, Vegetables and Processed food",Yes,Yes,Yes,More than or equal to 5 times a week,Adequate,No
Hemant chavhan,Male,35,Yes,No,Healthy Diet,Yes,No,No,More than or equal to 5 times a week,Adequate,No
Pramod zitu rakhade,Male,45,No,Yes,Healthy Diet,Yes,No,No,No or minimal Intake,Adequate,No
Dinesh zitu rakhade,Male,40,No,No,Healthy Diet,Yes,No,No,No or minimal Intake,Adequate,No
Vidya Dinesh Rakhade ,Female,43,No,Yes,Healthy Diet,Yes,No,No,No or minimal Intake,Adequate,No
Kaushalya zitu rakhade ,Female,65,No,No,Healthy Diet,No,No,No,No or minimal Intake,Adequate,No
Fattu zitu rakhade ,Male,75,No,No,Healthy Diet,Yes,No,No,No or minimal Intake,Adequate,No
Kanhaya fattu Rakhade ,Male,41,No,No,Healthy Diet,Yes,No,No,No or minimal Intake,Adequate,No
Madhuri kanhaya rakhade,Female,35,No,No,Healthy Diet,Yes,No,No,No or minimal Intake,Adequate,No
Shulka fattu Rakhade ,Female,65,No,No,Healthy Diet,No,No,No,No or minimal Intake,Adequate,No
Vaishali balu burade,Female,40,No,Yes,Healthy Diet,Yes,No,No,No or minimal Intake,Adequate,No
Balu Narayan burade,Male,45,No,Yes,Healthy Diet,Yes,No,No,No or minimal Intake,Adequate,No
Dinesh ankush mate,Male,36,No,No,Healthy Diet,Yes,No,No,No or minimal Intake,Adequate,No
Bharati dinesh mate,Female,36,No,Yes,Healthy Diet,Yes,No,No,No or minimal Intake,Inadequate,No
Dnyaneshwar ankush mate,Female,40,No,No,Healthy Diet,Yes,No,No,No or minimal Intake,Adequate,No
Sadhna Dnyaneshwar mate,Female,38,No,Yes,Healthy Diet,Yes,No,No,No or minimal Intake,Adequate,No
Raju shivram budhe,Male,48,No,No,Healthy Diet,Yes,No,No,No or minimal Intake,Inadequate,No
Anita raju budhe,Female,43,No,No,Healthy Diet,Yes,No,No,No or minimal Intake,Adequate,No
Kusum Gajanan Rakhade ,Male,63,No,No,Healthy Diet,Yes,No,No,No or minimal Intake,Adequate,No
Pintu Gajanan Rakhade ,Male,35,No,No,Healthy Diet,Yes,No,No,No or minimal Intake,Adequate,No
Sonu pintu Rakhade ,Female,33,No,No,Healthy Diet,Yes,No,No,No or minimal Intake,Adequate,No
Sheshraj Gajanan Rakhade ,Male,28,No,No,Healthy Diet,Yes,No,No,No or minimal Intake,Adequate,No
Sunanda dilip zanzad,Female,43,No,No,Healthy Diet,Yes,No,No,No or minimal Intake,Adequate,No
Antkala Pradip zanzad ,Female,46,No,No,Healthy Diet,Yes,No,No,No or minimal Intake,Adequate,No
Sudhakar gobade,Male,53,Yes,No,"Low consumption of Fruit, Vegetables and Processed food",Yes,No,No,No or minimal Intake,Inadequate,Yes
Smita patil,Female,45,No,No,"Low consumption of Fruit, Vegetables and Processed food",Yes,No,No,No or minimal Intake,Adequate,No
Vijay pawar ,Male,40,Yes,No,"Low consumption of Fruit, Vegetables and Processed food",Yes,Yes,No,More than or equal to 5 times a week,Adequate,No
Panjab jadhav,Male,49,Yes,No,Healthy Diet,Yes,Yes,No,More than or equal to 5 times a week,Inadequate,Yes
Chetan chavhan ,Male,42,Yes,No,"Low consumption of Fruit, Vegetables and Processed food",Yes,Yes,Yes,More than or equal to 5 times a week,Adequate,No
Yash karhade,Male,45,Yes,Yes,Healthy Diet,Yes,No,No,More than or equal to 5 times a week,Inadequate,No
Samrat jadhav,Male,40,Yes,No,"Low consumption of Fruit, Vegetables and Processed food",Yes,No,No,More than or equal to 5 times a week,Adequate,Yes
Ashok hatwar,Male,50,Yes,Yes,"Low consumption of Fruit, Vegetables and Processed food",Yes,Yes,Yes,More than or equal to 5 times a week,Adequate,Yes
Atul gimekar,Male,45,No,Yes,"Low consumption of Fruit, Vegetables and Processed food",Yes,Yes,No,More than or equal to 5 times a week,Inadequate,No
Rahul kaware,Male,45,Yes,Yes,Healthy Diet,Yes,No,No,More than or equal to 5 times a week,Inadequate,No
Aswini pande,Female,35,Yes,No,Healthy Diet,Yes,No,No,No or minimal Intake,Adequate,No
Bhagvan 0,Male,50,Yes,No,"Low consumption of Fruit, Vegetables and Processed food",Yes,No,Yes,More than or equal to 5 times a week,Inadequate,Yes
Chetan rane,Male,46,Yes,No,"Low consumption of Fruit, Vegetables and Processed food",Yes,No,Yes,More than or equal to 5 times a week,Inadequate,No
Diksha gedam ,Female,43,Yes,No,Healthy Diet,Yes,Yes,No,No or minimal Intake,Inadequate,No
Giridhar nevare,Male,47,Yes,No,"Low consumption of Fruit, Vegetables and Processed food",Yes,Yes,No,No or minimal Intake,Inadequate,No
Kishor uke,Male,49,Yes,Yes,Healthy Diet,Yes,Yes,No,No or minimal Intake,Inadequate,Yes
Jeetu suryawanshi,Male,31,Yes,No,"Low consumption of Fruit, Vegetables and Processed food",No,Yes,No,No or minimal Intake,Adequate,No
Jyoti burde,Female,49,Yes,No,"Low consumption of Fruit, Vegetables and Processed food",No,Yes,No,No or minimal Intake,Inadequate,Yes
Jyoti pathode,Male,45,Yes,Yes,Healthy Diet,Yes,Yes,No,More than or equal to 5 times a week,Adequate,Yes
Milind koche,Male,50,Yes,No,"Low consumption of Fruit, Vegetables and Processed food",No,Yes,Yes,More than or equal to 5 times a week,Inadequate,No
Gurudev mandale,Male,48,Yes,No,Healthy Diet,Yes,Yes,No,More than or equal to 5 times a week,Inadequate,No
Ramesh meshram,Male,38,Yes,No,Healthy Diet,Yes,No,Yes,No or minimal Intake,Inadequate,No
Naresh walthare,Male,49,Yes,No,"Low consumption of Fruit, Vegetables and Processed food",Yes,No,No,No or minimal Intake,Inadequate,No
Nilima jawade,Female,39,Yes,No,Healthy Diet,No,No,No,More than or equal to 5 times a week,Adequate,No
Lalit kharabe,Male,40,Yes,No,"Low consumption of Fruit, Vegetables and Processed food",Yes,No,Yes,No or minimal Intake,Inadequate,No
Rama sarve,Male,39,Yes,No,Healthy Diet,No,Yes,Yes,No or minimal Intake,Inadequate,No
Rakesh Kapgte ,Male,43,No,No,Healthy Diet,No,Yes,No,More than or equal to 5 times a week,Inadequate,No
Sadgun chavhan ,Male,39,Yes,No,Healthy Diet,No,No,Yes,No or minimal Intake,Adequate,No
Shilpa gadekar,Male,42,Yes,No,Healthy Diet,Yes,No,Yes,No or minimal Intake,Adequate,No
Shilpa gadekar ,Female,38,Yes,No,"Low consumption of Fruit, Vegetables and Processed food",No,Yes,No,No or minimal Intake,Inadequate,No
Suresh hake,Male,29,Yes,No,Healthy Diet,No,No,Yes,More than or equal to 5 times a week,Inadequate,Yes
Ganesh sonkusare,Male,35,Yes,No,"Low consumption of Fruit, Vegetables and Processed food",No,No,No,No or minimal Intake,Adequate,No
Vishal meshram,Male,4⁴,No,No,"Low consumption of Fruit, Vegetables and Processed food",Yes,Yes,No,More than or equal to 5 times a week,Inadequate,No
Vijay isallai,Male,39,No,No,Healthy Diet,No,Yes,Yes,No or minimal Intake,Inadequate,No
Vikas mesharm,Male,45,Yes,Yes,Healthy Diet,Yes,Yes,No,More than or equal to 5 times a week,Inadequate,No
Arushi klpate,Female,34,Yes,No,"Low consumption of Fruit, Vegetables and Processed food",No,No,No,More than or equal to 5 times a week,Inadequate,Yes
Àabhiman wasake,Male,39,Yes,No,Healthy Diet,No,No,No,No or minimal Intake,Inadequate,No
Achal kharkte,Female,45,Yes,No,"Low consumption of Fruit, Vegetables and Processed food",Yes,No,No,No or minimal Intake,Inadequate,Yes
Akash jayaswal,Male,39,Yes,No,Healthy Diet,Yes,No,No,More than or equal to 5 times a week,Inadequate,No
Aman luche,Male,40,Yes,No,"Low consumption of Fruit, Vegetables and Processed food",No,No,Yes,No or minimal Intake,Inadequate,No
Amit chatule,Male,40,No,Yes,Healthy Diet,Yes,Yes,No,No or minimal Intake,Inadequate,No
Vivek gavande,Male,50,Yes,Yes,Healthy Diet,No,No,No,More than or equal to 5 times a week,Adequate,Yes
Ganesh ade,Male,48,Yes,No,"Low consumption of Fruit, Vegetables and Processed food",Yes,No,No,More than or equal to 5 times a week,Adequate,No
Shankar Rathod,Male,34,Yes,No,"Low consumption of Fruit, Vegetables and Processed food",Yes,Yes,No,More than or equal to 5 times a week,Inadequate,No
Drisht Chavan ,Male,32,Yes,No,"Low consumption of Fruit, Vegetables and Processed food",Yes,Yes,Yes,More than or equal to 5 times a week,Inadequate,Yes
Praful Lonikar,Male,35,Yes,Yes,Healthy Diet,Yes,No,No,No or minimal Intake,Adequate,No
Francis ,Male,52,Yes,Yes,"Low consumption of Fruit, Vegetables and Processed food",No,Yes,Yes,More than or equal to 5 times a week,Inadequate,Yes
Pradip Fund,Male,43,Yes,No,Healthy Diet,Yes,No,No,No or minimal Intake,Inadequate,Yes
Shreyas Sathe,Male,46,Yes,No,"Low consumption of Fruit, Vegetables and Processed food",Yes,Yes,No,No or minimal Intake,Inadequate,Yes
Shantanu Hudekar,Male,40,Yes,Yes,"Low consumption of Fruit, Vegetables and Processed food",Yes,No,No,More than or equal to 5 times a week,Adequate,No
Rachit Chintawar,Male,35,Yes,Yes,"Low consumption of Fruit, Vegetables and Processed food",Yes,Yes,Yes,More than or equal to 5 times a week,Adequate,Yes
Shriya Dandekar,Female,30,Yes,No,Healthy Diet,No,Yes,Yes,No or minimal Intake,Inadequate,No
Aaroh khadse,Male,36,Yes,No,"Low consumption of Fruit, Vegetables and Processed food",No,No,Yes,More than or equal to 5 times a week,Inadequate,No
Pulkit Singh,Male,34,Yes,No,"Low consumption of Fruit, Vegetables and Processed food",No,Yes,Yes,No or minimal Intake,Inadequate,Yes
Shreya Singh,Female,35,Yes,Yes,"Low consumption of Fruit, Vegetables and Processed food",Yes,No,Yes,More than or equal to 5 times a week,Adequate,Yes
Zenith Chaturvedi,Female,38,Yes,No,"Low consumption of Fruit, Vegetables and Processed food",Yes,Yes,Yes,More than or equal to 5 times a week,Adequate,No
Prachi Pawar,Female,42,No,Yes,"Low consumption of Fruit, Vegetables and Processed food",No,Yes,No,No or minimal Intake,Inadequate,Yes
Trupti Saran,Female,43,No,No,"Low consumption of Fruit, Vegetables and Processed food",Yes,Yes,Yes,More than or equal to 5 times a week,Inadequate,No
Ritik Chandel,Male,36,Yes,Yes,"Low consumption of Fruit, Vegetables and Processed food",No,Yes,Yes,No or minimal Intake,Adequate,Yes
Ritika Chavan,Female,35,Yes,Yes,"Low consumption of Fruit, Vegetables and Processed food",Yes,Yes,No,No or minimal Intake,Adequate,No
Smita Srinavas,Female,32,No,Yes,"Low consumption of Fruit, Vegetables and Processed food",Yes,No,Yes,More than or equal to 5 times a week,Inadequate,No
Srinavas Rao,Male,52,Yes,Yes,"Low consumption of Fruit, Vegetables and Processed food",No,Yes,Yes,More than or equal to 5 times a week,Inadequate,Yes
Rohan Ajmire,Male,28,Yes,No,Healthy Diet,Yes,Yes,Yes,More than or equal to 5 times a week,Adequate,No
Ruchika Joshi,Female,42,Yes,No,"Low consumption of Fruit, Vegetables and Processed food",No,Yes,Yes,No or minimal Intake,Inadequate,Yes
Shravani Singhania,Female,36,Yes,No,"Low consumption of Fruit, Vegetables and Processed food",Yes,Yes,No,No or minimal Intake,Inadequate,Yes
Kanishk Avasthi,Male,62,Yes,Yes,"Low consumption of Fruit, Vegetables and Processed food",Yes,Yes,Yes,More than or equal to 5 times a week,Adequate,Yes
Gargi Sahni,Female,38,No,No,"Low consumption of Fruit, Vegetables and Processed food",Yes,No,Yes,More than or equal to 5 times a week,Inadequate,Yes
Ashish Anand,Male,35,Yes,No,"Low consumption of Fruit, Vegetables and Processed food",Yes,Yes,Yes,More than or equal to 5 times a week,Adequate,Yes
